Item,Description,Unit,"Nov 29, 2025","Nov 22, 2025","Dec 05, 2025","Dec 05, 2025_1","Nov 29, 2025_1"
1,Volume 40,1 Gal / 3.78 L,8,1,0,0,0
2,Defoamer,6.5 Lbs / 2.95 Kg,9,2,0,0,0
3,Avenge Pro,1 Gal / 3.78 L,3,3,0,0,0
4,Rob's Solvent Sealer,1 Gal / 3.78 L,5,4,0,0,0
5,Bio Break,6 Lbs / 2.72 Kg,4,5,0,0,0
6,Groutmaster,6.5 Lbs / 2.95 Kg,1,2,0,0,0
7,Pure O2,8 Lbs / 3.62 Kg,0,3,0,0,0
8,Triplephase,1 Gal / 3.78 L,1,4,0,0,0
9,Green Guard (Protector),1 Gal / 3.78 L,1,0,0,0,0
10,Citrus Burst,1 Gal / 3.78 L,0,5,0,0,0
11,Procyon Liquid,1 Gal / 3.78 L,0,0,0,0,0
12,Releasit - Encap Cleaning Tech,1 Gal / 3.78 L,0,0,0,0,0
13,Wool Medic,1 Gal / 3.78 L,0,0,0,0,0
14,Eco Cide,1 Gal / 3.78 L,0,0,0,0,0
15,Solvent Clean,1 Gal / 3.78 L,0,0,0,0,0
16,Unchained,1 Gal / 3.78 L,0,0,0,0,0
17,Folex,1 Gal / 3.78 L,0,0,0,0,0
18,Boost All,8 Lbs / 3.62 Kg,0,0,0,0,0
19,Spot Stop,Quarter / 0.94 L,0,0,0,0,0
20,Releasit,Quarter / 0.94 L,0,0,0,0,0
21,Red Zone ready,Quarter / 0.94 L,0,0,0,0,0
22,Wool Pro,0.47 L,0,0,0,0,0
23,Stain Zone,Quarter / 0.94 L,0,0,0,0,0
24,Rust out,Quarter / 0.94 L,0,0,0,0,0
25,T-Rust,0.47 L,0,0,0,0,0
26,Filtration Soil,473 mL,0,0,0,0,0
27,1 Red,Quarter / 0.94 L,0,0,0,0,0
28,Filter Free,Quarter / 0.94 L,0,0,0,0,0
29,All Solvent Extreme,0.35 L,0,0,0,0,0
